"barcode","truth"
"AAACGCTGAAGATG-1","singlet"
"AAAGATCTGCGTTA-1","singlet"
"AAAGCCTGTCACGA-1","singlet"
"AAATACTGACACAC-1","singlet"
"AAATCAACCTCCAC-1","singlet"
"AAATCAACTCAGGT-1","singlet"
"AAATGGGAGAATCC-1","singlet"
"AAATGTTGCTGAAC-1","singlet"
"AACAATACTCGATG-1","singlet"
"AACACTCTTAGCCA-1","doublet"
"AACAGCACCGTGTA-1","doublet"
"AACATATGTCGTGA-1","singlet"
"AACATTGATCCTGC-1","singlet"
"AACCCAGAGACTAC-1","singlet"
"AACCGATGAAAACG-1","singlet"
"AACCGCCTATTCGG-1","singlet"
"AACCGCCTGTATGC-1","singlet"
"AACGCATGTGAGAA-1","singlet"
"AACGGTTGAATCGC-1","singlet"
"AACGTGTGCGTTGA-1","singlet"
"AACTACCTAGAGGC-1","doublet"
"AACTCGGAGCGATT-1","singlet"
"AACTCTTGATGACC-1","singlet"
"AAGAAGACTTTACC-1","singlet"
"AAGCGACTAAAAGC-1","singlet"
"AAGTCCGAAATCGC-1","singlet"
"AAGTCCGAAGAACA-1","singlet"
"AAGTTCCTCAAGCT-1","singlet"
"AATACCCTGTACAC-1","singlet"
"AATAGGGATTCATC-1","singlet"
"AATCCGGATGTAGC-1","singlet"
"AATCCTACCCCTCA-1","singlet"
"AATCGGTGAGTACC-1","singlet"
"AATCTAGAAGTCTG-1","singlet"
"AATGCGTGAAGGGC-1","singlet"
"AATGCGTGTGGTTG-1","singlet"
"AATGTAACATCGTG-1","singlet"
"AATGTTGAAGCTCA-1","singlet"
"AATGTTGACTGCTC-1","singlet"
"AATTACGACGAATC-1","singlet"
"AATTGTGATGTCGA-1","singlet"
"ACAAGAGAACGACT-1","singlet"
"ACAAGAGAGCATCA-1","singlet"
"ACACGTGAGCTAAC-1","doublet"
"ACAGTGTGAACCAC-1","singlet"
"ACCACAGAGTTTGG-1","singlet"
"ACCACCTGAAAACG-1","singlet"
"ACCACCTGCCCTAC-1","singlet"
"ACCAGCCTGTTGAC-1","singlet"
"ACCAGTGAGCCAAT-1","singlet"
"ACCCAAGAATGGTC-1","singlet"
"ACCCAAGATAACGC-1","singlet"
"ACCCGTACACCTAG-1","singlet"
"ACCCGTTGACACCA-1","singlet"
"ACCCGTTGGGATTC-1","singlet"
"ACCCTCGAGACGAG-1","singlet"
"ACCGCGGAATCAGC-1","singlet"
"ACCGCGGATGGCAT-1","singlet"
"ACCGTGCTGTAAGA-1","singlet"
"ACCTCCGAAAGGCG-1","doublet"
"ACCTTTGAAAAAGC-1","singlet"
"ACGAACTGTGCTGA-1","singlet"
"ACGACAACGCCTTC-1","singlet"
"ACGACCCTTCAGAC-1","doublet"
"ACGATCGACGAGAG-1","singlet"
"ACGATTCTAGCCAT-1","singlet"
"ACGATTCTGGTACT-1","singlet"
"ACGCACCTACCAAC-1","singlet"
"ACGCCACTCCTTTA-1","singlet"
"ACGCCGGACGGGAA-1","singlet"
"ACGCCGGATGGAGG-1","singlet"
"ACGCGGTGATAAGG-1","singlet"
"ACGCGGTGGTCTTT-1","singlet"
"ACGGATTGGAAGGC-1","singlet"
"ACGGCTCTACTCAG-1","singlet"
"ACGGTAACCATCAG-1","singlet"
"ACGGTATGAACGGG-1","singlet"
"ACGTCGCTACGGAG-1","singlet"
"ACTCCCGACCTATT-1","singlet"
"ACTCGCACGGACAG-1","singlet"
"ACTGAGACACACAC-1","doublet"
"ACTGCCACAAGCAA-1","singlet"
"ACTGCCACCATGAC-1","doublet"
"ACTTAGCTCAAGCT-1","singlet"
"ACTTCAACGATAAG-1","singlet"
"AGAAAGTGGTCCTC-1","singlet"
"AGACACTGTCAGTG-1","singlet"
"AGAGAAACACGGAG-1","singlet"
"AGAGGTCTTCCTCG-1","singlet"
"AGAGTCACGGCGAA-1","singlet"
"AGAGTGCTCTTGTT-1","singlet"
"AGATCTCTTCCAGA-1","singlet"
"AGCAAAGAGCGAGA-1","singlet"
"AGCATGACCGTCTC-1","singlet"
"AGCCGGACTCTCCG-1","singlet"
"AGCCGGTGAAGTAG-1","singlet"
"AGCCGGTGACCTTT-1","singlet"
"AGCCTCACTACTGG-1","singlet"
"AGCGATACGCTTAG-1","singlet"
"AGCGCTCTCCTCGT-1","doublet"
"AGCGGCACGGTATC-1","singlet"
"AGCGGCTGCCAACA-1","singlet"
"AGCGGGCTCTTTAC-1","singlet"
"AGGATAGACTAGTG-1","singlet"
"AGGCTAACAGTGTC-1","singlet"
"AGGGCCACAAACAG-1","singlet"
"AGGGTGGACAGCTA-1","singlet"
"AGGGTGGATGATGC-1","singlet"
"AGGTACTGTTGACG-1","singlet"
"AGGTCATGCAGATC-1","singlet"
"AGGTCATGCTCTAT-1","singlet"
"AGGTCTGAGTGCTA-1","doublet"
"AGGTGGGAACACAC-1","singlet"
"AGTAAGGATGCTTT-1","singlet"
"AGTAATACCCTGAA-1","singlet"
"AGTAGAGATTCTGT-1","singlet"
"AGTCACGAAGCATC-1","singlet"
"AGTCACGAGGTACT-1","singlet"
"AGTCACGATGTCCC-1","singlet"
"AGTCGCCTTTACCT-1","doublet"
"AGTGCAACTGGAGG-1","singlet"
"ATAAACACAACCGT-1","singlet"
"ATAATGACCCGTTC-1","singlet"
"ATACGGACAAGCAA-1","singlet"
"ATACTCTGTCCTTA-1","singlet"
"ATAGAACTTTTCAC-1","singlet"
"ATAGCTCTTCGCCT-1","singlet"
"ATATACGAGAACCT-1","singlet"
"ATATAGTGCGTTAG-1","doublet"
"ATCACTACAGGAGC-1","singlet"
"ATCACTACATCGAC-1","singlet"
"ATCACTTGGCGATT-1","singlet"
"ATCCCGTGGTCCTC-1","singlet"
"ATCGCGCTGCTGAT-1","singlet"
"ATCGGAACATGTCG-1","singlet"
"ATCTACTGATCGTG-1","singlet"
"ATCTGACTAAGCAA-1","singlet"
"ATCTGGGACTTCTA-1","singlet"
"ATCTTGACGTTTGG-1","singlet"
"ATCTTTCTTGAGGG-1","singlet"
"ATGCACGAGTGCAT-1","singlet"
"ATGCCGCTTACGAC-1","singlet"
"ATGTACCTCTATTC-1","singlet"
"ATGTACCTGCTTAG-1","singlet"
"ATGTCGGAACACCA-1","singlet"
"ATGTCGGATAGAGA-1","doublet"
"ATGTTCACAACCTG-1","singlet"
"ATGTTCACCTCAGA-1","singlet"
"ATGTTGCTCTCATT-1","singlet"
"ATTACCACACCGAT-1","singlet"
"ATTAGATGCTACCC-1","singlet"
"ATTCCAACGTATCG-1","singlet"
"ATTCGACTTCTCGC-1","singlet"
"ATTCGGGAACGGGA-1","singlet"
"ATTGAAACAACCGT-1","singlet"
"ATTGCACTACACGT-1","singlet"
"ATTGCACTAGTCGT-1","singlet"
"ATTGCGGAAAAGTG-1","singlet"
"ATTGGGTGTTTGTC-1","singlet"
"ATTGTCTGCGATAC-1","singlet"
"ATTGTCTGTGAAGA-1","singlet"
"ATTTAGGAACAGTC-1","singlet"
"ATTTCCGACTACCC-1","doublet"
"ATTTGCACCAAAGA-1","doublet"
"CAAAGCACTCTGGA-1","singlet"
"CAAAGCTGATCGGT-1","singlet"
"CAACCGCTAGAGAT-1","singlet"
"CAAGACACTTTGGG-1","singlet"
"CAAGACTGCTGTTT-1","singlet"
"CAAGACTGGACACT-1","singlet"
"CAAGCTGACAGTTG-1","singlet"
"CAAGTCGATTGGTG-1","singlet"
"CAATCTACAAGAGT-1","doublet"
"CAATCTACCGATAC-1","singlet"
"CACAATCTGAAAGT-1","singlet"
"CACATACTTGACTG-1","singlet"
"CACCCATGTCTTCA-1","singlet"
"CACCGTACATTCCT-1","singlet"
"CACCTGACAGATGA-1","singlet"
"CACCTGACGAACTC-1","singlet"
"CACGGGACGAGGTG-1","singlet"
"CACGGGTGTTATCC-1","singlet"
"CACTCTCTGTTGAC-1","singlet"
"CACTGCACTTCCAT-1","singlet"
"CACTGCTGGGAGTG-1","singlet"
"CAGAAGCTGCAGTT-1","singlet"
"CAGACATGTGGTCA-1","singlet"
"CAGACCCTCCATGA-1","singlet"
"CAGAGGGACTTATC-1","singlet"
"CAGATCGAAGAACA-1","singlet"
"CAGCAATGGACTAC-1","doublet"
"CAGCAATGTTAGGC-1","singlet"
"CAGCATGATACAGC-1","singlet"
"CAGCCTACTAGTCG-1","singlet"
"CAGCGGACGCGGAA-1","singlet"
"CAGCTAGACTGAAC-1","singlet"
"CAGTGATGCGAGAG-1","doublet"
"CATAGTCTAGCTAC-1","singlet"
"CATATAGATGTTTC-1","singlet"
"CATCTCCTTCTACT-1","singlet"
"CATGAGACTATCTC-1","singlet"
"CATGCGCTAGAGTA-1","singlet"
"CATGTTTGTTACCT-1","singlet"
"CATTGTACGCCCTT-1","singlet"
"CCAACCTGGGGAGT-1","singlet"
"CCAAGTGATTGCTT-1","singlet"
"CCAATTTGCTGAAC-1","singlet"
"CCACCATGCATACG-1","doublet"
"CCAGAAACTGGTGT-1","singlet"
"CCATAGGATCGACA-1","singlet"
"CCCAACTGCACAAC-1","doublet"
"CCCATGTGCTCGCT-1","singlet"
"CCCTAGTGATGCTG-1","singlet"
"CCCTAGTGGATACC-1","singlet"
"CCGCTATGACGGTT-1","singlet"
"CCGCTATGCCACAA-1","singlet"
"CCGTACACCGTCTC-1","singlet"
"CCTAAGGAGAACTC-1","singlet"
"CCTGAGCTAGTCAC-1","singlet"
"CCTGGACTTACAGC-1","singlet"
"CCTTCACTCAGGAG-1","singlet"
"CGAAGACTCTGAAC-1","singlet"
"CGAAGACTTCGCTC-1","singlet"
"CGAATCGAAAGAAC-1","singlet"
"CGAATCGAGCTATG-1","singlet"
"CGAGAACTTTTACC-1","singlet"
"CGATACGAGCTACA-1","singlet"
"CGATACGATCAAGC-1","singlet"
"CGATCAGAAGCAAA-1","singlet"
"CGATCAGAAGCTAC-1","singlet"
"CGCACGGAGCTAAC-1","doublet"
"CGCCATTGGCCATA-1","singlet"
"CGCCGAGAAGATGA-1","singlet"
"CGCGGATGACCAGT-1","singlet"
"CGCGGATGTGCCCT-1","singlet"
"CGCTAAGAGGAACG-1","doublet"
"CGCTACACTTATCC-1","singlet"
"CGCTACTGCCCAAA-1","singlet"
"CGGAATTGGTAAGA-1","singlet"
"CGGCACGATGGATC-1","singlet"
"CGGCCAGAGTTCGA-1","singlet"
"CGGGACTGACCTTT-1","singlet"
"CGGGACTGTGTGGT-1","singlet"
"CGGTACCTTTTACC-1","singlet"
"CGTAGCCTTACTCT-1","singlet"
"CGTCCAACGGCATT-1","singlet"
"CGTGCACTTGAAGA-1","singlet"
"CGTTATACGAGGAC-1","singlet"
"CTAAACCTCGTAGT-1","singlet"
"CTAACACTGTAGCT-1","singlet"
"CTAAGGTGACGACT-1","singlet"
"CTAAGGTGGTCCTC-1","singlet"
"CTAAGGTGTACGAC-1","singlet"
"CTAATAGAAGCCAT-1","singlet"
"CTAATAGATAGTCG-1","singlet"
"CTACCTCTCGCAAT-1","singlet"
"CTATACTGTCGCAA-1","singlet"
"CTATCCCTACTGTG-1","singlet"
"CTATCCCTCCTAAG-1","singlet"
"CTCAGCACTCGCCT-1","singlet"
"CTCGACTGACTGGT-1","singlet"
"CTCGCATGCCTCCA-1","singlet"
"CTGAAGACCCTATT-1","singlet"
"CTGAAGACGAGCAG-1","singlet"
"CTGAGCCTACCTAG-1","singlet"
"CTGATGGAACGACT-1","singlet"
"CTGGAAACCGGAGA-1","singlet"
"CTTAAAGAGTACCA-1","singlet"
"CTTAAAGATGCAGT-1","singlet"
"CTTACAACGGAGTG-1","singlet"
"CTTACAACTAAGCC-1","doublet"
"CTTAGACTATTTCC-1","singlet"
"CTTCTAGACTTGAG-1","singlet"
"GAAACCTGCGTTGA-1","singlet"
"GAAACCTGGTTAGC-1","singlet"
"GAAAGCCTTAAGCC-1","singlet"
"GAACACACTGCTCC-1","singlet"
"GAACGGGACCATGA-1","singlet"
"GAACGTTGCGTTGA-1","singlet"
"GAAGCTTGACTTTC-1","singlet"
"GAAGTAGACCCTTG-1","singlet"
"GAAGTGCTGGAGCA-1","singlet"
"GACAACACGCGATT-1","singlet"
"GACAACTGATTGGC-1","singlet"
"GACAGGGAGCATCA-1","singlet"
"GACTCCTGGGTCAT-1","singlet"
"GAGAAATGAGCGTT-1","singlet"
"GAGATCACTGAGAA-1","singlet"
"GAGCAGGAGAGGCA-1","doublet"
"GAGGTACTATCACG-1","singlet"
"GAGGTGGATGCTGA-1","singlet"
"GAGGTTACATAAGG-1","doublet"
"GAGGTTACCTGAAC-1","singlet"
"GAGTAAGATCATTC-1","singlet"
"GAGTACTGGGTTAC-1","singlet"
"GAGTCAACTTCACT-1","singlet"
"GATAATACAGACTC-1","singlet"
"GATACTCTTCGATG-1","singlet"
"GATATATGACGCTA-1","singlet"
"GATATTGAGGCAAG-1","singlet"
"GATCCCTGTTGCGA-1","singlet"
"GATCCGCTCAGAGG-1","singlet"
"GATGCAACAGATGA-1","singlet"
"GATGCATGAATGCC-1","singlet"
"GATGCATGGCCCTT-1","singlet"
"GATGCCCTGGAAAT-1","doublet"
"GATTCTTGAAGCCT-1","singlet"
"GATTGGACATTCGG-1","singlet"
"GATTGGACCGCCTT-1","singlet"
"GATTGGTGTCGCTC-1","singlet"
"GATTGGTGTGCTCC-1","singlet"
"GATTTGCTGGAAAT-1","singlet"
"GCAACCCTCTTTAC-1","singlet"
"GCAACCCTTTCCGC-1","singlet"
"GCAACTGAGGGACA-1","singlet"
"GCAATCGATCCCGT-1","singlet"
"GCACACCTACACCA-1","singlet"
"GCACCACTTAGCCA-1","singlet"
"GCAGCTCTGCTATG-1","singlet"
"GCAGTCCTAAGCCT-1","doublet"
"GCATGATGACCTGA-1","singlet"
"GCATGTGATGCATG-1","singlet"
"GCATTGGACATTCT-1","singlet"
"GCCAAAACACCAGT-1","singlet"
"GCCAAAACATCGAC-1","singlet"
"GCCAAATGGCCCTT-1","singlet"
"GCCATGCTCCTTCG-1","singlet"
"GCCATGCTCTCGCT-1","singlet"
"GCCCAGGAGACTAC-1","singlet"
"GCGAGCACATTCGG-1","singlet"
"GCGAGCACTAGAAG-1","singlet"
"GCGATATGCTGATG-1","doublet"
"GCGATATGGTCAAC-1","singlet"
"GCGATATGTGTCCC-1","singlet"
"GCGCACGAAAGAAC-1","singlet"
"GCGCACGACTGATG-1","doublet"
"GCGGGACTCCTGAA-1","singlet"
"GCGTATGACAGAGG-1","singlet"
"GCTACAGATTGCGA-1","singlet"
"GCTACCTGCTGTAG-1","singlet"
"GCTACGCTGTGTAC-1","singlet"
"GCTAGAACGCGATT-1","singlet"
"GCTAGATGTCTATC-1","singlet"
"GCTCGACTTTCGCC-1","singlet"
"GCTTAACTTGCTTT-1","singlet"
"GGAACTTGTCCTTA-1","singlet"
"GGAATCTGTACTGG-1","singlet"
"GGAATGCTTATCGG-1","singlet"
"GGACATTGCCTATT-1","singlet"
"GGACGCACGCTGTA-1","singlet"
"GGATAGCTCAGATC-1","singlet"
"GGATGTACGTGCAT-1","singlet"
"GGATTGTGTCCTAT-1","singlet"
"GGCATATGGTTAGC-1","singlet"
"GGCCACGACCGATA-1","singlet"
"GGCCCAGAGCAGTT-1","singlet"
"GGCGCATGCGCTAA-1","singlet"
"GGGAAGACCGTGTA-1","singlet"
"GGGAAGACGTCACA-1","singlet"
"GGGAAGACTGAACC-1","singlet"
"GGGAAGTGATGTCG-1","singlet"
"GGGCAGCTCTCAGA-1","singlet"
"GGGCCAACCGTAGT-1","doublet"
"GGTACTGATTCCCG-1","singlet"
"GGTAGTACTGTCTT-1","doublet"
"GGTATGACATCGAC-1","singlet"
"GGTATGACCGTGAT-1","singlet"
"GGTATGACTGGAAA-1","singlet"
"GGTCAAACGGAAGC-1","singlet"
"GGTTGAACGAAGGC-1","singlet"
"GTAATAACACGGGA-1","singlet"
"GTACGAACTGCCAA-1","singlet"
"GTACTTTGCAGATC-1","singlet"
"GTAGCATGGCAGTT-1","singlet"
"GTAGCCCTCTCCCA-1","singlet"
"GTAGTGTGCACTGA-1","singlet"
"GTAGTGTGGTCTAG-1","singlet"
"GTATCACTAACGGG-1","singlet"
"GTATCACTTCCTCG-1","singlet"
"GTATGGTGCGTAAC-1","singlet"
"GTATTCACATAAGG-1","singlet"
"GTATTCACTCATTC-1","singlet"
"GTCACAGATGTGCA-1","singlet"
"GTCCAAGATAAGGA-1","singlet"
"GTCCACACAGAACA-1","singlet"
"GTCTGAGACCAACA-1","singlet"
"GTGCCACTATCGGT-1","singlet"
"GTGTATCTAATGCC-1","singlet"
"GTTAACCTTTGGTG-1","singlet"
"GTTACTACTTCGCC-1","singlet"
"GTTATAGATGTAGC-1","singlet"
"GTTCATACTACTTC-1","doublet"
"GTTGACGATTTCGT-1","doublet"
"GTTGAGTGTGGAAA-1","singlet"
"TAACCGGAAATGCC-1","singlet"
"TAAGATACTGGTCA-1","singlet"
"TAAGCTCTTGCTAG-1","singlet"
"TAAGGGCTGTATGC-1","singlet"
"TACACACTGGAAAT-1","singlet"
"TACATCACCTATGG-1","singlet"
"TACCGCTGCCGAAT-1","singlet"
"TACGTACTCGATAC-1","singlet"
"TACTCAACCTTGGA-1","singlet"
"TACTCCCTAGAGGC-1","singlet"
"TACTCTGATGTTTC-1","singlet"
"TAGAAACTTAGACC-1","singlet"
"TAGAGAGAAAAAGC-1","singlet"
"TAGAGAGACGACAT-1","singlet"
"TAGATTGATCTAGG-1","singlet"
"TAGCATCTCGTGAT-1","singlet"
"TAGCCCACCAGCTA-1","singlet"
"TAGGACTGGTAAAG-1","singlet"
"TAGGCTGATGCGTA-1","singlet"
"TAGGTTCTACTAGC-1","singlet"
"TATACAGAGTGTTG-1","singlet"
"TATCAAGATCGCCT-1","singlet"
"TATCGACTACTAGC-1","singlet"
"TATCGACTTTCTCA-1","doublet"
"TATCTTCTACTACG-1","singlet"
"TATGGTCTATTGGC-1","singlet"
"TCAAGGACGAACCT-1","singlet"
"TCAAGGTGACACAC-1","singlet"
"TCAAGTCTGACGTT-1","singlet"
"TCAAGTCTTGCAAC-1","singlet"
"TCACCGTGCCGTTC-1","singlet"
"TCAGACGAGCGATT-1","doublet"
"TCAGCAGACAGCTA-1","singlet"
"TCAGTTACTGCCAA-1","singlet"
"TCATCATGCTGAAC-1","singlet"
"TCATCCCTCATTCT-1","singlet"
"TCCAGAGAAGAGAT-1","singlet"
"TCCAGAGACTTCGC-1","singlet"
"TCCATCCTCGTACA-1","singlet"
"TCCGAAGATTGACG-1","singlet"
"TCCGGACTTGGTAC-1","singlet"
"TCCTATGAACTGTG-1","singlet"
"TCGACGCTACGTTG-1","singlet"
"TCGAGCCTAGAATG-1","singlet"
"TCGCACACGGCGAA-1","singlet"
"TCGGACCTGTGTCA-1","singlet"
"TCGTGAGACACACA-1","singlet"
"TCGTTATGCATCAG-1","singlet"
"TCTAACACACCATG-1","singlet"
"TCTAACTGCAATCG-1","singlet"
"TCTAGACTAAAAGC-1","singlet"
"TCTAGACTGTAAAG-1","singlet"
"TCTCTAGATCGCTC-1","singlet"
"TGACGATGCTACGA-1","singlet"
"TGACGATGGTAGCT-1","singlet"
"TGACTTTGAGCGTT-1","singlet"
"TGAGGTACGTATCG-1","singlet"
"TGAGTGACCTTCTA-1","singlet"
"TGATACCTGTAGCT-1","singlet"
"TGCAACGAGGACTT-1","doublet"
"TGCACAGAGTTGCA-1","singlet"
"TGCCAAGAGAATCC-1","singlet"
"TGCCACTGAACAGA-1","singlet"
"TGCCCAACTGTTTC-1","singlet"
"TGCCGACTTGCTTT-1","singlet"
"TGCGCACTTATGCG-1","singlet"
"TGCGTAGACTGACA-1","singlet"
"TGCTGAGATATCGG-1","singlet"
"TGGAACACGTTTCT-1","singlet"
"TGGAACTGATTCGG-1","doublet"
"TGGACCCTTGGGAG-1","singlet"
"TGGACTGAGTTCGA-1","singlet"
"TGGATCGACAGATC-1","singlet"
"TGGATGACACGTGT-1","singlet"
"TGGGTATGTCACCC-1","singlet"
"TGTAATGACTCGCT-1","singlet"
"TGTCAGGAGAACTC-1","singlet"
"TGTCTAACTCTACT-1","doublet"
"TGTGAGTGGCTAAC-1","singlet"
"TGTGAGTGGGTATC-1","singlet"
"TTACCATGTGGTTG-1","singlet"
"TTACGACTAGCAAA-1","singlet"
"TTAGAATGATCGAC-1","singlet"
"TTAGAATGCGTTGA-1","singlet"
"TTAGGTCTCGCAAT-1","singlet"
"TTAGTCACACAGCT-1","singlet"
"TTAGTCTGGTTAGC-1","singlet"
"TTATGAGATGATGC-1","doublet"
"TTCACCCTCTGGAT-1","singlet"
"TTCAGACTTGAGAA-1","doublet"
"TTCATTCTCTGATG-1","doublet"
"TTCCAAACCCTACC-1","singlet"
"TTCCATGAAGTCGT-1","singlet"
"TTCCCACTAGTGTC-1","singlet"
"TTCGAGGAGTGAGG-1","singlet"
"TTCGTATGGGACTT-1","singlet"
"TTCGTATGTTGCAG-1","singlet"
"TTCTGATGCTGTTT-1","singlet"
"TTGACACTCTAGCA-1","singlet"
"TTGACACTTTCTGT-1","doublet"
"TTGGGAACGCGTAT-1","singlet"
"TTGGTACTAGCGGA-1","singlet"
"TTTAGAGATACGCA-1","singlet"
"TTTGACTGTGGGAG-1","singlet"
"TTTGCATGCTCATT-1","singlet"
"TTTGCATGTTGTCT-1","singlet"
